A8,-0.20,33.08,270.00,ANTENNA-BOARD,ANT_PCB_2.4GHZ_NRF8001_1.6MM_1OZ
B1,-8.01,22.99,270.00,BALUN0805,BALUN
B3,-8.50,-21.00,0.00,PUSHBUTTON_SMD-VERTICAL-1,TE_FSM8JSMA_HS
C1,-10.00,6.00,0.00,1uF,CAPC2012X140_HS
C10,-5.00,-1.00,90.10,0.1uF,CAPC2012X140_HS
C12,21.00,18.50,0.00,0.1uF,CAPC2012X140_HS
C14,-27.00,-25.50,0.00,47uF,CAPMP3216X180
C17,-16.00,-29.80,0.00,1uF,CAPC2012X140_HS
C18,-14.60,-25.00,0.00,1uF,CAPC2012X140_HS
C19,-15.20,-17.30,0.00,47uF,CAPMP3216X180
C2,-2.50,7.00,0.00,1uF,CAPC2012X140_HS
C3,-12.50,23.10,180.00,22pF,CAPC2012X140_HS
C4,-8.00,26.00,0.00,0.75pF,CAPC2012X140_HS
C5,2.00,10.00,180.00,12pF,CAPC2012X140_HS
C6,7.00,17.00,90.00,12pF,CAPC2012X140_HS
C7,-18.60,23.00,0.00,1uF,CAPC2012X140_HS
C8,1.00,22.50,0.00,1uF,CAPC2012X140_HS
C9,6.50,0.00,0.00,0.1uF,CAPC2012X140_HS
D1,34.00,-3.00,0.00,green,LEDSC125X200X120-2_HS
D2,-10.00,2.00,0.00,,LED_160-1178-1-ND
D5,37.00,-21.00,180.00,360mV,SODFL3516X96
D6,28.00,28.00,0.00,360mV,SODFL3516X96
D7,-26.00,27.00,180.00,360mV,SODFL3516X96
D8,-35.00,-19.00,0.00,360mV,SODFL3516X96
J2,19.90,-0.77,0.00,AVR_SPI_PRG_6-SMD,2X3-SMD
J4,0.00,-10.70,0.00,HEADER-4POS-0.1IN-FEMALE-SMD-BOTTOM-ENTRY,HEADER-1X4-BOTTOM-ENTRY
L1,-36.00,8.00,0.00,yellow,LEDC1507X80NYELLOW
L2,30.50,-9.00,0.00,yellow,LEDC1507X80NYELLOW
L3,-36.00,-4.00,0.00,yellow,LEDC1507X80NYELLOW
L4,35.00,6.00,0.00,yellow,LEDC1507X80NYELLOW
MP1,35.00,-27.55,0.00,MOTOR_PADS_GND-MOLEX-SMD,MOLEX-0532610271
MP2,35.29,31.09,180.00,MOTOR_PADS_GND-MOLEX-SMD,MOLEX-0532610271
MP3,-33.00,30.55,180.00,MOTOR_PADS_GND-MOLEX-SMD,MOLEX-0532610271
MP4,-33.00,-28.55,0.00,MOTOR_PADS_GND-MOLEX-SMD,MOLEX-0532610271
NB,3.22,-18.88,0.00,NETBRIDGE,NETBRIDGE
Q3,28.86,-22.00,270.00,MOSFET-FET-SI2302CDS-T1-E3CT-NDSI2302CDS-T1-E3CT-ND,MOSFET_FET_SI2302CDS-T1-E3CT-ND
Q4,35.14,24.20,90.00,MOSFET-FET-SI2302CDS-T1-E3CT-NDSI2302CDS-T1-E3CT-ND,MOSFET_FET_SI2302CDS-T1-E3CT-ND
Q5,-33.00,23.86,0.00,MOSFET-FET-SI2302CDS-T1-E3CT-NDSI2302CDS-T1-E3CT-ND,MOSFET_FET_SI2302CDS-T1-E3CT-ND
Q6,-27.00,-20.14,0.00,MOSFET-FET-SI2302CDS-T1-E3CT-NDSI2302CDS-T1-E3CT-ND,MOSFET_FET_SI2302CDS-T1-E3CT-ND
R1,-18.00,28.00,0.00,10K,RESC2012X60_HS
R10,29.00,14.00,0.00,10K,RESC2012X60_HS
R11,27.00,-31.00,0.00,10K,RESC2012X60_HS
R12,-29.50,-9.50,0.00,604,RESC2012X60_HS
R13,-36.20,12.80,0.00,27K,RESC2012X60_HS
R14,30.00,-14.00,0.00,604,RESC2012X60_HS
R15,-36.00,2.00,0.00,604,RESC2012X60_HS
R2,-17.00,4.00,0.00,330,RESC2012X60_HS
R3,28.00,-3.00,0.00,330,RESC2012X60_HS
R4,-15.50,-0.70,0.00,10K,RESC2012X60_HS
R5,-19.00,18.00,0.00,10K,RESC2012X60_HS
R6,27.90,9.10,0.00,604,RESC2012X60_HS
R7,-25.70,21.60,0.00,10K,RESC2012X60_HS
R8,-16.00,7.00,0.00,10K,RESC2012X60_HS
R9,-35.00,-13.00,0.00,10K,RESC2012X60_HS
S2,-21.00,-34.25,0.00,POWER-SWITCH-MFS201N-9-Z-SMD-EDGE,JS102011SAQN
U1,-8.00,15.00,270.00,ATMEGA128RFA1,QFN-64
U2,0.00,0.00,0.00,IMU-LSM6DSOXTR-497-18367-1-ND497-18367-1-ND,LSM6DS0
VR1,-14.60,-21.40,270.00,3V,SOT23-DBV
Y1,2.00,15.00,0.00,CRYSTAL5X3,CRYSTAL-SMD-5X3
